-- phpMyAdmin SQL Dump
-- version 4.9.1
-- https://www.phpmyadmin.net/
--
-- Хост: 127.0.0.1
-- Время создания: Дек 16 2019 г., 18:39
-- Версия сервера: 10.4.8-MariaDB
-- Версия PHP: 7.3.11

SET SQL_MODE = "NO_AUTO_VALUE_ON_ZERO";
SET AUTOCOMMIT = 0;
START TRANSACTION;
SET time_zone = "+00:00";


/*!40101 SET @OLD_CHARACTER_SET_CLIENT=@@CHARACTER_SET_CLIENT */;
/*!40101 SET @OLD_CHARACTER_SET_RESULTS=@@CHARACTER_SET_RESULTS */;
/*!40101 SET @OLD_COLLATION_CONNECTION=@@COLLATION_CONNECTION */;
/*!40101 SET NAMES utf8mb4 */;

--
-- База данных: `web_29092019_shop`
--
CREATE DATABASE IF NOT EXISTS `web_29092019_shop` DEFAULT CHARACTER SET utf8 COLLATE utf8_general_ci;
USE `web_29092019_shop`;

-- --------------------------------------------------------

--
-- Структура таблицы `categories`
--

DROP TABLE IF EXISTS `categories`;
CREATE TABLE IF NOT EXISTS `categories` (
  `id` int(11) NOT NULL AUTO_INCREMENT,
  `name` varchar(50) NOT NULL,
  PRIMARY KEY (`id`)
) ENGINE=InnoDB AUTO_INCREMENT=10 DEFAULT CHARSET=utf8;

--
-- Дамп данных таблицы `categories`
--

INSERT INTO `categories` (`id`, `name`) VALUES
(1, 'Женщинам'),
(2, 'Мужчинам'),
(3, 'Детям'),
(4, 'Зимняя одежда'),
(5, 'Спортивная одежда'),
(6, 'Одежда на выход'),
(7, 'Домашняя одежда'),
(8, 'Повседневная одежда'),
(9, 'Обувь');

-- --------------------------------------------------------

--
-- Структура таблицы `products`
--

DROP TABLE IF EXISTS `products`;
CREATE TABLE IF NOT EXISTS `products` (
  `id` int(11) NOT NULL AUTO_INCREMENT,
  `name` varchar(100) NOT NULL,
  `price` float NOT NULL,
  `img` varchar(255) NOT NULL,
  `description` text NOT NULL,
  PRIMARY KEY (`id`)
) ENGINE=InnoDB AUTO_INCREMENT=109 DEFAULT CHARSET=utf8;

--
-- Дамп данных таблицы `products`
--

INSERT INTO `products` (`id`, `name`, `price`, `img`, `description`) VALUES
(1, 'Куртка синяя', 5400, '/images/catalog/1.jpg', 'Хорошая зимняя куртка'),
(2, 'Куртка с капюшоном', 6100, '/images/catalog/2.jpg', ''),
(3, 'Куртка с карманами', 9200, '/images/catalog/3.png', ''),
(4, 'Кожаная куртка', 22500, '/images/catalog/4.jpg', ''),
(5, 'Куртка Casual', 8800, '/images/catalog/5.jpg', ''),
(6, 'Стильная кожаная куртка', 12800, '/images/catalog/6.jpg', ''),
(7, 'Кеды серые', 4500, '/images/catalog/7.jpg', ''),
(8, 'Кеды черные', 5900, '/images/catalog/8.jpg', ''),
(9, 'Кеды Casual', 9200, '/images/catalog/9.jpg', ''),
(10, 'Кеды всепогодные ', 4800, '/images/catalog/10.jpg', ''),
(11, 'Джинсы', 4200, '/images/catalog/11.jpg', ''),
(12, 'Джинсы голубые', 2900, '/images/catalog/12.jpg', ''),
(13, 'Желтое платье', 4990, '/images/catalog/13.jpg', 'Красивое вечернее платье, подойдет для любого праздника'),
(14, 'Голубая рубашка', 1790, '/images/catalog/14.jpg', 'Стильная рубашка для офиса'),
(15, 'Розовое платье', 3500, '/images/catalog/15.jpg', 'Повседневное легкое платье'),
(16, 'Джинсовая рубашка', 4200, '/images/catalog/16.jpg', ''),
(17, 'Кардиган', 7900, '/images/catalog/17.jpg', ''),
(18, 'Брюки', 1300, '/images/catalog/18.jpg', 'Яркие зеленые брюки'),
(19, 'Штаны', 1490, '/images/catalog/19.jpg', 'Свободные розовые штаны для дома'),
(20, 'Бежевые шорты', 2400, '/images/catalog/20.jpg', 'Широкие шорты, похожие на юбку'),
(21, 'Розовые шорты', 4000, '/images/catalog/21.jpg', ''),
(22, 'Юбка', 3600, '/images/catalog/22.jpg', 'Школьная юбка'),
(23, 'Летняя юбка', 1500, '/images/catalog/23.jpg', 'Юбка в японском стиле, с рисунком сакуры'),
(24, 'Кофта', 2500, '/images/catalog/24.jpg', ''),
(64, 'Бежевые туфли', 8900, '/images/catalog/25.jpg', ''),
(65, 'Черные туфли', 7200, '/images/catalog/26.jpg', ''),
(66, 'Красные туфли', 9000, '/images/catalog/27.jpg', ''),
(67, 'Спортивные кроссовки', 11000, '/images/catalog/28.jpg', ''),
(68, 'Розовые кроссовки', 9100, '/images/catalog/29.jpg', ''),
(69, 'Желтое пальто', 14000, '/images/catalog/30.jpg', ''),
(70, 'Короткое пальто', 5500, '/images/catalog/31.jpg', ''),
(71, 'Серое пальто', 14000, '/images/catalog/32.jpg', ''),
(72, 'Персиковое пальто', 21000, '/images/catalog/33.jpg', ''),
(73, 'Бежевый пуховик', 25000, '/images/catalog/34.jpg', ''),
(74, 'Пуховик безрукавка ', 6900, '/images/catalog/35.jpg', ''),
(75, 'Бирюзовая куртка', 3900, '/images/catalog/36.jpg', ''),
(76, 'Горчичная парка', 5900, '/images/catalog/37.jpg', ''),
(77, 'Пижама синяя', 2000, '/images/catalog/38.jpg', ''),
(78, 'Летняя пижама', 1300, '/images/catalog/39.jpg', ''),
(79, 'Теплая пижама', 4000, '/images/catalog/40.jpg', ''),
(80, 'Черная пижама', 2500, '/images/catalog/41.jpg', ''),
(81, 'Спортивный костюм', 7900, '/images/catalog/42.jpg', ''),
(82, 'Розовая форма', 16000, '/images/catalog/43.jpg', ''),
(83, 'Зимняя форма', 23500, '/images/catalog/44.jpg', ''),
(84, 'Красивая форма', 5900, '/images/catalog/45.jpg', ''),
(85, 'Голубая футболка', 1600, '/images/catalog/46.jpg', ''),
(86, 'Белая футболка', 1600, '/images/catalog/47.jpg', ''),
(87, 'Оранжевая футболка', 1700, '/images/catalog/48.jpg', ''),
(88, 'Толстовка', 2300, '/images/catalog/49.jpg', ''),
(89, 'Спортивный костюм', 13900, '/images/catalog/50.jpg', ''),
(90, 'Летнее платье', 2100, '/images/catalog/51.jpg', ''),
(91, 'Праздничное платье', 4250, '/images/catalog/52.jpg', ''),
(92, 'Голубые шорты', 1290, '/images/catalog/53.jpg', ''),
(93, 'Яркие шорты', 7200, '/images/catalog/54.jpg', ''),
(94, 'Белые босоножки', 2000, '/images/catalog/55.jpg', ''),
(95, 'Босоножки с бабочкой', 3400, '/images/catalog/56.jpg', ''),
(96, 'Ботинки', 1320, '/images/catalog/57.jpg', ''),
(97, 'Кроссовки', 1700, '/images/catalog/58.jpg', ''),
(98, 'Зимняя куртка', 8000, '/images/catalog/59.jpg', ''),
(99, 'Стильная куртка', 5900, '/images/catalog/60.jpg', ''),
(100, 'Шорты', 1200, '/images/catalog/61.jpg', ''),
(101, 'Летние шорты', 890, '/images/catalog/62.jpg', ''),
(102, 'Футболка', 1100, '/images/catalog/63.jpg', ''),
(103, 'Майка', 490, '/images/catalog/64.jpg', ''),
(104, 'Зеленый свитер', 4000, '/images/catalog/65.jpg', ''),
(105, 'Розовый свитер', 3200, '/images/catalog/66.jpg', ''),
(106, 'БРЮЧКИ', 30000, '', 'ВАУ'),
(107, 'БРЮЧКИ', 30000, '', 'ВАУ'),
(108, 'БРЮЧКИ', 30000, '', 'ВАУ');

-- --------------------------------------------------------

--
-- Структура таблицы `product_category`
--

DROP TABLE IF EXISTS `product_category`;
CREATE TABLE IF NOT EXISTS `product_category` (
  `id` int(11) NOT NULL AUTO_INCREMENT,
  `product_id` int(11) NOT NULL,
  `category_id` int(11) NOT NULL,
  PRIMARY KEY (`id`)
) ENGINE=InnoDB AUTO_INCREMENT=184 DEFAULT CHARSET=utf8;

--
-- Дамп данных таблицы `product_category`
--

INSERT INTO `product_category` (`id`, `product_id`, `category_id`) VALUES
(1, 1, 2),
(2, 2, 2),
(3, 3, 2),
(4, 4, 2),
(5, 5, 2),
(6, 6, 2),
(7, 7, 2),
(8, 8, 2),
(9, 9, 2),
(10, 10, 2),
(11, 11, 2),
(12, 12, 2),
(13, 13, 1),
(14, 14, 1),
(15, 15, 1),
(16, 16, 1),
(17, 17, 1),
(18, 18, 1),
(19, 19, 1),
(20, 20, 1),
(21, 21, 1),
(22, 22, 1),
(23, 23, 1),
(24, 24, 1),
(26, 64, 1),
(27, 65, 1),
(28, 66, 1),
(29, 67, 1),
(30, 68, 1),
(31, 69, 1),
(32, 70, 1),
(33, 71, 1),
(34, 72, 1),
(35, 73, 1),
(36, 74, 1),
(37, 75, 1),
(38, 76, 1),
(39, 77, 1),
(40, 78, 1),
(41, 79, 1),
(42, 80, 1),
(43, 81, 1),
(44, 82, 1),
(45, 83, 1),
(46, 84, 1),
(47, 85, 2),
(48, 86, 2),
(49, 87, 2),
(50, 88, 2),
(51, 89, 2),
(52, 90, 1),
(53, 90, 3),
(54, 91, 1),
(55, 91, 3),
(56, 92, 1),
(57, 92, 3),
(58, 93, 1),
(59, 93, 3),
(60, 94, 1),
(61, 94, 3),
(62, 95, 1),
(63, 95, 3),
(64, 96, 2),
(65, 96, 3),
(66, 97, 2),
(67, 97, 3),
(68, 98, 2),
(69, 98, 3),
(70, 99, 2),
(71, 99, 3),
(72, 100, 2),
(73, 100, 3),
(74, 101, 2),
(75, 101, 3),
(76, 102, 2),
(77, 102, 3),
(78, 103, 2),
(79, 103, 3),
(80, 104, 2),
(81, 104, 3),
(82, 105, 1),
(83, 105, 3),
(84, 1, 5),
(85, 1, 8),
(86, 2, 4),
(87, 3, 4),
(88, 3, 8),
(89, 4, 4),
(90, 4, 6),
(91, 5, 4),
(92, 5, 8),
(93, 6, 4),
(94, 6, 6),
(95, 7, 5),
(96, 7, 8),
(97, 7, 9),
(98, 8, 5),
(99, 8, 8),
(100, 8, 9),
(101, 9, 5),
(102, 9, 8),
(103, 9, 9),
(104, 10, 4),
(105, 10, 8),
(106, 10, 9),
(107, 11, 6),
(108, 11, 8),
(109, 12, 6),
(110, 12, 8),
(111, 13, 6),
(112, 14, 6),
(113, 14, 8),
(114, 15, 6),
(115, 15, 8),
(116, 16, 8),
(117, 17, 4),
(118, 17, 8),
(119, 18, 6),
(120, 18, 8),
(121, 19, 7),
(122, 19, 8),
(123, 20, 8),
(124, 21, 8),
(125, 22, 8),
(126, 23, 6),
(127, 23, 8),
(128, 24, 4),
(129, 24, 8),
(130, 64, 6),
(131, 64, 8),
(132, 64, 9),
(133, 65, 6),
(134, 65, 8),
(135, 65, 9),
(136, 66, 6),
(137, 66, 8),
(138, 66, 9),
(139, 67, 5),
(140, 67, 8),
(141, 67, 9),
(142, 68, 5),
(143, 68, 8),
(144, 68, 9),
(145, 69, 4),
(146, 70, 4),
(147, 71, 4),
(148, 72, 4),
(149, 73, 4),
(150, 74, 4),
(151, 75, 4),
(152, 76, 4),
(153, 77, 7),
(154, 78, 7),
(155, 79, 7),
(156, 80, 7),
(157, 81, 5),
(158, 82, 5),
(159, 83, 5),
(160, 84, 5),
(161, 85, 8),
(162, 86, 8),
(163, 87, 8),
(164, 88, 5),
(165, 88, 8),
(166, 89, 5),
(167, 90, 6),
(168, 90, 8),
(169, 91, 6),
(170, 91, 8),
(171, 92, 8),
(172, 93, 7),
(173, 93, 8),
(174, 94, 6),
(175, 94, 8),
(176, 94, 9),
(177, 95, 6),
(178, 95, 8),
(179, 95, 9),
(180, 96, 4),
(182, 96, 8),
(183, 96, 9);
COMMIT;

/*!40101 SET CHARACTER_SET_CLIENT=@OLD_CHARACTER_SET_CLIENT */;
/*!40101 SET CHARACTER_SET_RESULTS=@OLD_CHARACTER_SET_RESULTS */;
/*!40101 SET COLLATION_CONNECTION=@OLD_COLLATION_CONNECTION */;
